﻿{"cameraMode":{"drawMode":0,"name":"Shaded","section":"Shading Mode"},"sceneLighting":true,"audioPlay":false,"sceneViewState":{"showFog":true,"showMaterialUpdate":false,"showSkybox":true,"showFlares":true,"showImageEffects":true,"showParticleSystems":true},"in2DMode":false,"pivot":{"x":32.77894973754883,"y":-25.52729034423828,"z":-33.158634185791019},"rotation":{"x":0.09196249395608902,"y":0.8951853513717651,"z":-0.21793846786022187,"w":0.37774088978767397},"size":55.99583053588867,"orthographic":false}